device,architecture,mode,nodes,elements,metric,sample,value_us,correct
AMD Radeon RX 9060 XT,gfx1200,direct,0,256,module_load_us,0,10477.5,true
AMD Radeon RX 9060 XT,gfx1200,ckl_ordinary,2,256,resolve_us,0,387.764,true
AMD Radeon RX 9060 XT,gfx1200,manual_graph,2,256,instantiate_us,0,99.018,true
AMD Radeon RX 9060 XT,gfx1200,ckl_graph,2,256,instantiate_us,0,80.422,true
AMD Radeon RX 9060 XT,gfx1200,direct,2,256,gpu_replay_us,0,7.82394,true
AMD Radeon RX 9060 XT,gfx1200,direct,2,256,cpu_submit_us,0,1.83452,true
AMD Radeon RX 9060 XT,gfx1200,ckl_ordinary,2,256,gpu_replay_us,0,7.82621,true
AMD Radeon RX 9060 XT,gfx1200,ckl_ordinary,2,256,cpu_submit_us,0,2.0489,true
AMD Radeon RX 9060 XT,gfx1200,manual_graph,2,256,gpu_replay_us,0,10.1373,true
AMD Radeon RX 9060 XT,gfx1200,manual_graph,2,256,cpu_submit_us,0,2.18891,true
AMD Radeon RX 9060 XT,gfx1200,ckl_graph,2,256,gpu_replay_us,0,9.98737,true
AMD Radeon RX 9060 XT,gfx1200,ckl_graph,2,256,cpu_submit_us,0,2.04251,true
AMD Radeon RX 9060 XT,gfx1200,ckl_ordinary,2,256,gpu_replay_us,1,7.97821,true
AMD Radeon RX 9060 XT,gfx1200,ckl_ordinary,2,256,cpu_submit_us,1,2.55974,true
AMD Radeon RX 9060 XT,gfx1200,manual_graph,2,256,gpu_replay_us,1,9.76525,true
AMD Radeon RX 9060 XT,gfx1200,manual_graph,2,256,cpu_submit_us,1,2.03761,true
AMD Radeon RX 9060 XT,gfx1200,ckl_graph,2,256,gpu_replay_us,1,9.72281,true
AMD Radeon RX 9060 XT,gfx1200,ckl_graph,2,256,cpu_submit_us,1,2.05083,true
AMD Radeon RX 9060 XT,gfx1200,direct,2,256,gpu_replay_us,1,7.18757,true
AMD Radeon RX 9060 XT,gfx1200,direct,2,256,cpu_submit_us,1,2.41774,true
AMD Radeon RX 9060 XT,gfx1200,manual_graph,2,256,gpu_replay_us,2,9.49269,true
AMD Radeon RX 9060 XT,gfx1200,manual_graph,2,256,cpu_submit_us,2,2.02536,true
AMD Radeon RX 9060 XT,gfx1200,ckl_graph,2,256,gpu_replay_us,2,9.39821,true
AMD Radeon RX 9060 XT,gfx1200,ckl_graph,2,256,cpu_submit_us,2,2.06166,true
AMD Radeon RX 9060 XT,gfx1200,direct,2,256,gpu_replay_us,2,6.82025,true
AMD Radeon RX 9060 XT,gfx1200,direct,2,256,cpu_submit_us,2,2.44984,true
AMD Radeon RX 9060 XT,gfx1200,ckl_ordinary,2,256,gpu_replay_us,2,6.73173,true
AMD Radeon RX 9060 XT,gfx1200,ckl_ordinary,2,256,cpu_submit_us,2,2.46076,true
AMD Radeon RX 9060 XT,gfx1200,ckl_graph,2,256,gpu_replay_us,3,9.13829,true
AMD Radeon RX 9060 XT,gfx1200,ckl_graph,2,256,cpu_submit_us,3,2.1499,true
AMD Radeon RX 9060 XT,gfx1200,direct,2,256,gpu_replay_us,3,6.70616,true
AMD Radeon RX 9060 XT,gfx1200,direct,2,256,cpu_submit_us,3,2.46413,true
AMD Radeon RX 9060 XT,gfx1200,ckl_ordinary,2,256,gpu_replay_us,3,6.61045,true
AMD Radeon RX 9060 XT,gfx1200,ckl_ordinary,2,256,cpu_submit_us,3,2.46664,true
AMD Radeon RX 9060 XT,gfx1200,manual_graph,2,256,gpu_replay_us,3,9.02417,true
AMD Radeon RX 9060 XT,gfx1200,manual_graph,2,256,cpu_submit_us,3,2.03848,true
AMD Radeon RX 9060 XT,gfx1200,direct,2,256,gpu_replay_us,4,6.46464,true
AMD Radeon RX 9060 XT,gfx1200,direct,2,256,cpu_submit_us,4,2.40266,true
AMD Radeon RX 9060 XT,gfx1200,ckl_ordinary,2,256,gpu_replay_us,4,6.40897,true
AMD Radeon RX 9060 XT,gfx1200,ckl_ordinary,2,256,cpu_submit_us,4,2.48714,true
AMD Radeon RX 9060 XT,gfx1200,manual_graph,2,256,gpu_replay_us,4,8.82573,true
AMD Radeon RX 9060 XT,gfx1200,manual_graph,2,256,cpu_submit_us,4,2.09222,true
AMD Radeon RX 9060 XT,gfx1200,ckl_graph,2,256,gpu_replay_us,4,8.79001,true
AMD Radeon RX 9060 XT,gfx1200,ckl_graph,2,256,cpu_submit_us,4,2.10333,true
AMD Radeon RX 9060 XT,gfx1200,ckl_ordinary,2,256,gpu_replay_us,5,6.27105,true
AMD Radeon RX 9060 XT,gfx1200,ckl_ordinary,2,256,cpu_submit_us,5,2.49318,true
AMD Radeon RX 9060 XT,gfx1200,manual_graph,2,256,gpu_replay_us,5,8.76698,true
AMD Radeon RX 9060 XT,gfx1200,manual_graph,2,256,cpu_submit_us,5,2.02401,true
AMD Radeon RX 9060 XT,gfx1200,ckl_graph,2,256,gpu_replay_us,5,8.74482,true
AMD Radeon RX 9060 XT,gfx1200,ckl_graph,2,256,cpu_submit_us,5,2.12234,true
AMD Radeon RX 9060 XT,gfx1200,direct,2,256,gpu_replay_us,5,6.12657,true
AMD Radeon RX 9060 XT,gfx1200,direct,2,256,cpu_submit_us,5,2.40027,true
AMD Radeon RX 9060 XT,gfx1200,manual_graph,2,256,gpu_replay_us,6,8.66377,true
AMD Radeon RX 9060 XT,gfx1200,manual_graph,2,256,cpu_submit_us,6,2.09188,true
AMD Radeon RX 9060 XT,gfx1200,ckl_graph,2,256,gpu_replay_us,6,8.60637,true
AMD Radeon RX 9060 XT,gfx1200,ckl_graph,2,256,cpu_submit_us,6,2.15996,true
AMD Radeon RX 9060 XT,gfx1200,direct,2,256,gpu_replay_us,6,5.95021,true
AMD Radeon RX 9060 XT,gfx1200,direct,2,256,cpu_submit_us,6,2.47101,true
AMD Radeon RX 9060 XT,gfx1200,ckl_ordinary,2,256,gpu_replay_us,6,5.90729,true
AMD Radeon RX 9060 XT,gfx1200,ckl_ordinary,2,256,cpu_submit_us,6,2.54443,true
AMD Radeon RX 9060 XT,gfx1200,ckl_graph,2,256,gpu_replay_us,7,8.54449,true
AMD Radeon RX 9060 XT,gfx1200,ckl_graph,2,256,cpu_submit_us,7,2.16866,true
AMD Radeon RX 9060 XT,gfx1200,direct,2,256,gpu_replay_us,7,5.89005,true
AMD Radeon RX 9060 XT,gfx1200,direct,2,256,cpu_submit_us,7,2.43764,true
AMD Radeon RX 9060 XT,gfx1200,ckl_ordinary,2,256,gpu_replay_us,7,5.89088,true
AMD Radeon RX 9060 XT,gfx1200,ckl_ordinary,2,256,cpu_submit_us,7,2.41126,true
AMD Radeon RX 9060 XT,gfx1200,manual_graph,2,256,gpu_replay_us,7,8.53113,true
AMD Radeon RX 9060 XT,gfx1200,manual_graph,2,256,cpu_submit_us,7,2.12695,true
AMD Radeon RX 9060 XT,gfx1200,direct,2,256,gpu_replay_us,8,5.8884,true
AMD Radeon RX 9060 XT,gfx1200,direct,2,256,cpu_submit_us,8,2.44867,true
AMD Radeon RX 9060 XT,gfx1200,ckl_ordinary,2,256,gpu_replay_us,8,5.89061,true
AMD Radeon RX 9060 XT,gfx1200,ckl_ordinary,2,256,cpu_submit_us,8,2.48991,true
AMD Radeon RX 9060 XT,gfx1200,manual_graph,2,256,gpu_replay_us,8,8.56193,true
AMD Radeon RX 9060 XT,gfx1200,manual_graph,2,256,cpu_submit_us,8,2.11222,true
AMD Radeon RX 9060 XT,gfx1200,ckl_graph,2,256,gpu_replay_us,8,8.52981,true
AMD Radeon RX 9060 XT,gfx1200,ckl_graph,2,256,cpu_submit_us,8,2.13818,true
AMD Radeon RX 9060 XT,gfx1200,ckl_ordinary,2,256,gpu_replay_us,9,5.89261,true
AMD Radeon RX 9060 XT,gfx1200,ckl_ordinary,2,256,cpu_submit_us,9,2.51944,true
AMD Radeon RX 9060 XT,gfx1200,manual_graph,2,256,gpu_replay_us,9,8.53897,true
AMD Radeon RX 9060 XT,gfx1200,manual_graph,2,256,cpu_submit_us,9,2.1097,true
AMD Radeon RX 9060 XT,gfx1200,ckl_graph,2,256,gpu_replay_us,9,8.51309,true
AMD Radeon RX 9060 XT,gfx1200,ckl_graph,2,256,cpu_submit_us,9,2.10795,true
AMD Radeon RX 9060 XT,gfx1200,direct,2,256,gpu_replay_us,9,5.88993,true
AMD Radeon RX 9060 XT,gfx1200,direct,2,256,cpu_submit_us,9,2.33464,true
AMD Radeon RX 9060 XT,gfx1200,manual_graph,2,256,gpu_replay_us,10,8.53745,true
AMD Radeon RX 9060 XT,gfx1200,manual_graph,2,256,cpu_submit_us,10,2.11058,true
AMD Radeon RX 9060 XT,gfx1200,ckl_graph,2,256,gpu_replay_us,10,8.51417,true
AMD Radeon RX 9060 XT,gfx1200,ckl_graph,2,256,cpu_submit_us,10,2.173,true
AMD Radeon RX 9060 XT,gfx1200,direct,2,256,gpu_replay_us,10,5.88556,true
AMD Radeon RX 9060 XT,gfx1200,direct,2,256,cpu_submit_us,10,2.42103,true
AMD Radeon RX 9060 XT,gfx1200,ckl_ordinary,2,256,gpu_replay_us,10,5.88916,true
AMD Radeon RX 9060 XT,gfx1200,ckl_ordinary,2,256,cpu_submit_us,10,2.51238,true
AMD Radeon RX 9060 XT,gfx1200,ckl_ordinary,4,256,resolve_us,0,441.156,true
AMD Radeon RX 9060 XT,gfx1200,manual_graph,4,256,instantiate_us,0,69.232,true
AMD Radeon RX 9060 XT,gfx1200,ckl_graph,4,256,instantiate_us,0,46.708,true
AMD Radeon RX 9060 XT,gfx1200,direct,4,256,gpu_replay_us,0,11.8582,true
AMD Radeon RX 9060 XT,gfx1200,direct,4,256,cpu_submit_us,0,4.32374,true
AMD Radeon RX 9060 XT,gfx1200,ckl_ordinary,4,256,gpu_replay_us,0,11.7882,true
AMD Radeon RX 9060 XT,gfx1200,ckl_ordinary,4,256,cpu_submit_us,0,4.44913,true
AMD Radeon RX 9060 XT,gfx1200,manual_graph,4,256,gpu_replay_us,0,13.274,true
AMD Radeon RX 9060 XT,gfx1200,manual_graph,4,256,cpu_submit_us,0,1.81622,true
AMD Radeon RX 9060 XT,gfx1200,ckl_graph,4,256,gpu_replay_us,0,13.2446,true
AMD Radeon RX 9060 XT,gfx1200,ckl_graph,4,256,cpu_submit_us,0,1.93028,true
AMD Radeon RX 9060 XT,gfx1200,ckl_ordinary,4,256,gpu_replay_us,1,11.7842,true
AMD Radeon RX 9060 XT,gfx1200,ckl_ordinary,4,256,cpu_submit_us,1,4.18226,true
AMD Radeon RX 9060 XT,gfx1200,manual_graph,4,256,gpu_replay_us,1,13.2326,true
AMD Radeon RX 9060 XT,gfx1200,manual_graph,4,256,cpu_submit_us,1,1.88096,true
AMD Radeon RX 9060 XT,gfx1200,ckl_graph,4,256,gpu_replay_us,1,13.2309,true
AMD Radeon RX 9060 XT,gfx1200,ckl_graph,4,256,cpu_submit_us,1,1.91755,true
AMD Radeon RX 9060 XT,gfx1200,direct,4,256,gpu_replay_us,1,11.762,true
AMD Radeon RX 9060 XT,gfx1200,direct,4,256,cpu_submit_us,1,4.16796,true
AMD Radeon RX 9060 XT,gfx1200,manual_graph,4,256,gpu_replay_us,2,13.2352,true
AMD Radeon RX 9060 XT,gfx1200,manual_graph,4,256,cpu_submit_us,2,1.89628,true
AMD Radeon RX 9060 XT,gfx1200,ckl_graph,4,256,gpu_replay_us,2,13.2111,true
AMD Radeon RX 9060 XT,gfx1200,ckl_graph,4,256,cpu_submit_us,2,1.95031,true
AMD Radeon RX 9060 XT,gfx1200,direct,4,256,gpu_replay_us,2,11.758,true
AMD Radeon RX 9060 XT,gfx1200,direct,4,256,cpu_submit_us,2,4.31083,true
AMD Radeon RX 9060 XT,gfx1200,ckl_ordinary,4,256,gpu_replay_us,2,11.7861,true
AMD Radeon RX 9060 XT,gfx1200,ckl_ordinary,4,256,cpu_submit_us,2,4.24418,true
AMD Radeon RX 9060 XT,gfx1200,ckl_graph,4,256,gpu_replay_us,3,13.2067,true
AMD Radeon RX 9060 XT,gfx1200,ckl_graph,4,256,cpu_submit_us,3,1.93469,true
AMD Radeon RX 9060 XT,gfx1200,direct,4,256,gpu_replay_us,3,12.5434,true
AMD Radeon RX 9060 XT,gfx1200,direct,4,256,cpu_submit_us,3,4.13673,true
AMD Radeon RX 9060 XT,gfx1200,ckl_ordinary,4,256,gpu_replay_us,3,12.5502,true
AMD Radeon RX 9060 XT,gfx1200,ckl_ordinary,4,256,cpu_submit_us,3,4.13461,true
AMD Radeon RX 9060 XT,gfx1200,manual_graph,4,256,gpu_replay_us,3,13.9425,true
AMD Radeon RX 9060 XT,gfx1200,manual_graph,4,256,cpu_submit_us,3,1.80369,true
AMD Radeon RX 9060 XT,gfx1200,direct,4,256,gpu_replay_us,4,12.5468,true
AMD Radeon RX 9060 XT,gfx1200,direct,4,256,cpu_submit_us,4,4.20394,true
AMD Radeon RX 9060 XT,gfx1200,ckl_ordinary,4,256,gpu_replay_us,4,12.9643,true
AMD Radeon RX 9060 XT,gfx1200,ckl_ordinary,4,256,cpu_submit_us,4,4.25879,true
AMD Radeon RX 9060 XT,gfx1200,manual_graph,4,256,gpu_replay_us,4,13.9428,true
AMD Radeon RX 9060 XT,gfx1200,manual_graph,4,256,cpu_submit_us,4,1.81235,true
AMD Radeon RX 9060 XT,gfx1200,ckl_graph,4,256,gpu_replay_us,4,13.9185,true
AMD Radeon RX 9060 XT,gfx1200,ckl_graph,4,256,cpu_submit_us,4,1.7782,true
AMD Radeon RX 9060 XT,gfx1200,ckl_ordinary,4,256,gpu_replay_us,5,12.5437,true
AMD Radeon RX 9060 XT,gfx1200,ckl_ordinary,4,256,cpu_submit_us,5,4.40636,true
AMD Radeon RX 9060 XT,gfx1200,manual_graph,4,256,gpu_replay_us,5,13.9025,true
AMD Radeon RX 9060 XT,gfx1200,manual_graph,4,256,cpu_submit_us,5,1.79695,true
AMD Radeon RX 9060 XT,gfx1200,ckl_graph,4,256,gpu_replay_us,5,13.8713,true
AMD Radeon RX 9060 XT,gfx1200,ckl_graph,4,256,cpu_submit_us,5,1.78786,true
AMD Radeon RX 9060 XT,gfx1200,direct,4,256,gpu_replay_us,5,12.5455,true
AMD Radeon RX 9060 XT,gfx1200,direct,4,256,cpu_submit_us,5,4.11568,true
AMD Radeon RX 9060 XT,gfx1200,manual_graph,4,256,gpu_replay_us,6,13.8811,true
AMD Radeon RX 9060 XT,gfx1200,manual_graph,4,256,cpu_submit_us,6,1.76196,true
AMD Radeon RX 9060 XT,gfx1200,ckl_graph,4,256,gpu_replay_us,6,13.9077,true
AMD Radeon RX 9060 XT,gfx1200,ckl_graph,4,256,cpu_submit_us,6,1.7868,true
AMD Radeon RX 9060 XT,gfx1200,direct,4,256,gpu_replay_us,6,12.5419,true
AMD Radeon RX 9060 XT,gfx1200,direct,4,256,cpu_submit_us,6,4.05615,true
AMD Radeon RX 9060 XT,gfx1200,ckl_ordinary,4,256,gpu_replay_us,6,12.5467,true
AMD Radeon RX 9060 XT,gfx1200,ckl_ordinary,4,256,cpu_submit_us,6,4.14021,true
AMD Radeon RX 9060 XT,gfx1200,ckl_graph,4,256,gpu_replay_us,7,13.9056,true
AMD Radeon RX 9060 XT,gfx1200,ckl_graph,4,256,cpu_submit_us,7,1.84962,true
AMD Radeon RX 9060 XT,gfx1200,direct,4,256,gpu_replay_us,7,12.5446,true
AMD Radeon RX 9060 XT,gfx1200,direct,4,256,cpu_submit_us,7,4.10581,true
AMD Radeon RX 9060 XT,gfx1200,ckl_ordinary,4,256,gpu_replay_us,7,12.5431,true
AMD Radeon RX 9060 XT,gfx1200,ckl_ordinary,4,256,cpu_submit_us,7,4.2227,true
AMD Radeon RX 9060 XT,gfx1200,manual_graph,4,256,gpu_replay_us,7,13.8952,true
AMD Radeon RX 9060 XT,gfx1200,manual_graph,4,256,cpu_submit_us,7,1.84728,true
AMD Radeon RX 9060 XT,gfx1200,direct,4,256,gpu_replay_us,8,12.5403,true
AMD Radeon RX 9060 XT,gfx1200,direct,4,256,cpu_submit_us,8,4.2027,true
AMD Radeon RX 9060 XT,gfx1200,ckl_ordinary,4,256,gpu_replay_us,8,12.572,true
AMD Radeon RX 9060 XT,gfx1200,ckl_ordinary,4,256,cpu_submit_us,8,4.10566,true
AMD Radeon RX 9060 XT,gfx1200,manual_graph,4,256,gpu_replay_us,8,13.8246,true
AMD Radeon RX 9060 XT,gfx1200,manual_graph,4,256,cpu_submit_us,8,1.87521,true
AMD Radeon RX 9060 XT,gfx1200,ckl_graph,4,256,gpu_replay_us,8,13.7633,true
AMD Radeon RX 9060 XT,gfx1200,ckl_graph,4,256,cpu_submit_us,8,1.68112,true
AMD Radeon RX 9060 XT,gfx1200,ckl_ordinary,4,256,gpu_replay_us,9,12.541,true
AMD Radeon RX 9060 XT,gfx1200,ckl_ordinary,4,256,cpu_submit_us,9,4.39443,true
AMD Radeon RX 9060 XT,gfx1200,manual_graph,4,256,gpu_replay_us,9,13.7958,true
AMD Radeon RX 9060 XT,gfx1200,manual_graph,4,256,cpu_submit_us,9,1.93394,true
AMD Radeon RX 9060 XT,gfx1200,ckl_graph,4,256,gpu_replay_us,9,13.7605,true
AMD Radeon RX 9060 XT,gfx1200,ckl_graph,4,256,cpu_submit_us,9,1.92866,true
AMD Radeon RX 9060 XT,gfx1200,direct,4,256,gpu_replay_us,9,12.5355,true
AMD Radeon RX 9060 XT,gfx1200,direct,4,256,cpu_submit_us,9,4.11592,true
AMD Radeon RX 9060 XT,gfx1200,manual_graph,4,256,gpu_replay_us,10,13.7607,true
AMD Radeon RX 9060 XT,gfx1200,manual_graph,4,256,cpu_submit_us,10,1.8846,true
AMD Radeon RX 9060 XT,gfx1200,ckl_graph,4,256,gpu_replay_us,10,13.7615,true
AMD Radeon RX 9060 XT,gfx1200,ckl_graph,4,256,cpu_submit_us,10,1.90048,true
AMD Radeon RX 9060 XT,gfx1200,direct,4,256,gpu_replay_us,10,12.5413,true
AMD Radeon RX 9060 XT,gfx1200,direct,4,256,cpu_submit_us,10,4.06029,true
AMD Radeon RX 9060 XT,gfx1200,ckl_ordinary,4,256,gpu_replay_us,10,12.527,true
AMD Radeon RX 9060 XT,gfx1200,ckl_ordinary,4,256,cpu_submit_us,10,4.18645,true
AMD Radeon RX 9060 XT,gfx1200,ckl_ordinary,8,256,resolve_us,0,430.274,true
AMD Radeon RX 9060 XT,gfx1200,manual_graph,8,256,instantiate_us,0,70.213,true
AMD Radeon RX 9060 XT,gfx1200,ckl_graph,8,256,instantiate_us,0,49.544,true
AMD Radeon RX 9060 XT,gfx1200,direct,8,256,gpu_replay_us,0,25.0931,true
AMD Radeon RX 9060 XT,gfx1200,direct,8,256,cpu_submit_us,0,6.86969,true
AMD Radeon RX 9060 XT,gfx1200,ckl_ordinary,8,256,gpu_replay_us,0,25.3217,true
AMD Radeon RX 9060 XT,gfx1200,ckl_ordinary,8,256,cpu_submit_us,0,8.2032,true
AMD Radeon RX 9060 XT,gfx1200,manual_graph,8,256,gpu_replay_us,0,23.5692,true
AMD Radeon RX 9060 XT,gfx1200,manual_graph,8,256,cpu_submit_us,0,1.88135,true
AMD Radeon RX 9060 XT,gfx1200,ckl_graph,8,256,gpu_replay_us,0,23.5009,true
AMD Radeon RX 9060 XT,gfx1200,ckl_graph,8,256,cpu_submit_us,0,1.88371,true
AMD Radeon RX 9060 XT,gfx1200,ckl_ordinary,8,256,gpu_replay_us,1,25.0419,true
AMD Radeon RX 9060 XT,gfx1200,ckl_ordinary,8,256,cpu_submit_us,1,8.87687,true
AMD Radeon RX 9060 XT,gfx1200,manual_graph,8,256,gpu_replay_us,1,23.5184,true
AMD Radeon RX 9060 XT,gfx1200,manual_graph,8,256,cpu_submit_us,1,1.85464,true
AMD Radeon RX 9060 XT,gfx1200,ckl_graph,8,256,gpu_replay_us,1,23.459,true
AMD Radeon RX 9060 XT,gfx1200,ckl_graph,8,256,cpu_submit_us,1,1.89632,true
AMD Radeon RX 9060 XT,gfx1200,direct,8,256,gpu_replay_us,1,24.9987,true
AMD Radeon RX 9060 XT,gfx1200,direct,8,256,cpu_submit_us,1,9.07447,true
AMD Radeon RX 9060 XT,gfx1200,manual_graph,8,256,gpu_replay_us,2,23.4873,true
AMD Radeon RX 9060 XT,gfx1200,manual_graph,8,256,cpu_submit_us,2,1.75491,true
AMD Radeon RX 9060 XT,gfx1200,ckl_graph,8,256,gpu_replay_us,2,23.4442,true
AMD Radeon RX 9060 XT,gfx1200,ckl_graph,8,256,cpu_submit_us,2,1.76412,true
AMD Radeon RX 9060 XT,gfx1200,direct,8,256,gpu_replay_us,2,24.8826,true
AMD Radeon RX 9060 XT,gfx1200,direct,8,256,cpu_submit_us,2,9.16403,true
AMD Radeon RX 9060 XT,gfx1200,ckl_ordinary,8,256,gpu_replay_us,2,25.0912,true
AMD Radeon RX 9060 XT,gfx1200,ckl_ordinary,8,256,cpu_submit_us,2,9.03465,true
AMD Radeon RX 9060 XT,gfx1200,ckl_graph,8,256,gpu_replay_us,3,23.4909,true
AMD Radeon RX 9060 XT,gfx1200,ckl_graph,8,256,cpu_submit_us,3,1.80806,true
AMD Radeon RX 9060 XT,gfx1200,direct,8,256,gpu_replay_us,3,24.8632,true
AMD Radeon RX 9060 XT,gfx1200,direct,8,256,cpu_submit_us,3,8.9384,true
AMD Radeon RX 9060 XT,gfx1200,ckl_ordinary,8,256,gpu_replay_us,3,24.8386,true
AMD Radeon RX 9060 XT,gfx1200,ckl_ordinary,8,256,cpu_submit_us,3,9.09516,true
AMD Radeon RX 9060 XT,gfx1200,manual_graph,8,256,gpu_replay_us,3,23.4737,true
AMD Radeon RX 9060 XT,gfx1200,manual_graph,8,256,cpu_submit_us,3,1.74209,true
AMD Radeon RX 9060 XT,gfx1200,direct,8,256,gpu_replay_us,4,24.7715,true
AMD Radeon RX 9060 XT,gfx1200,direct,8,256,cpu_submit_us,4,8.72008,true
AMD Radeon RX 9060 XT,gfx1200,ckl_ordinary,8,256,gpu_replay_us,4,24.8426,true
AMD Radeon RX 9060 XT,gfx1200,ckl_ordinary,8,256,cpu_submit_us,4,8.95522,true
AMD Radeon RX 9060 XT,gfx1200,manual_graph,8,256,gpu_replay_us,4,23.4592,true
AMD Radeon RX 9060 XT,gfx1200,manual_graph,8,256,cpu_submit_us,4,1.76609,true
AMD Radeon RX 9060 XT,gfx1200,ckl_graph,8,256,gpu_replay_us,4,23.4461,true
AMD Radeon RX 9060 XT,gfx1200,ckl_graph,8,256,cpu_submit_us,4,1.89449,true
AMD Radeon RX 9060 XT,gfx1200,ckl_ordinary,8,256,gpu_replay_us,5,24.6227,true
AMD Radeon RX 9060 XT,gfx1200,ckl_ordinary,8,256,cpu_submit_us,5,8.9424,true
AMD Radeon RX 9060 XT,gfx1200,manual_graph,8,256,gpu_replay_us,5,23.425,true
AMD Radeon RX 9060 XT,gfx1200,manual_graph,8,256,cpu_submit_us,5,1.71049,true
AMD Radeon RX 9060 XT,gfx1200,ckl_graph,8,256,gpu_replay_us,5,23.4189,true
AMD Radeon RX 9060 XT,gfx1200,ckl_graph,8,256,cpu_submit_us,5,1.7642,true
AMD Radeon RX 9060 XT,gfx1200,direct,8,256,gpu_replay_us,5,24.5789,true
AMD Radeon RX 9060 XT,gfx1200,direct,8,256,cpu_submit_us,5,8.8172,true
AMD Radeon RX 9060 XT,gfx1200,manual_graph,8,256,gpu_replay_us,6,23.421,true
AMD Radeon RX 9060 XT,gfx1200,manual_graph,8,256,cpu_submit_us,6,1.82273,true
AMD Radeon RX 9060 XT,gfx1200,ckl_graph,8,256,gpu_replay_us,6,23.4124,true
AMD Radeon RX 9060 XT,gfx1200,ckl_graph,8,256,cpu_submit_us,6,1.78022,true
AMD Radeon RX 9060 XT,gfx1200,direct,8,256,gpu_replay_us,6,24.5165,true
AMD Radeon RX 9060 XT,gfx1200,direct,8,256,cpu_submit_us,6,8.91488,true
AMD Radeon RX 9060 XT,gfx1200,ckl_ordinary,8,256,gpu_replay_us,6,24.7197,true
AMD Radeon RX 9060 XT,gfx1200,ckl_ordinary,8,256,cpu_submit_us,6,9.15894,true
AMD Radeon RX 9060 XT,gfx1200,ckl_graph,8,256,gpu_replay_us,7,23.4265,true
AMD Radeon RX 9060 XT,gfx1200,ckl_graph,8,256,cpu_submit_us,7,1.81111,true
AMD Radeon RX 9060 XT,gfx1200,direct,8,256,gpu_replay_us,7,24.5176,true
AMD Radeon RX 9060 XT,gfx1200,direct,8,256,cpu_submit_us,7,8.78445,true
AMD Radeon RX 9060 XT,gfx1200,ckl_ordinary,8,256,gpu_replay_us,7,24.7523,true
AMD Radeon RX 9060 XT,gfx1200,ckl_ordinary,8,256,cpu_submit_us,7,8.97164,true
AMD Radeon RX 9060 XT,gfx1200,manual_graph,8,256,gpu_replay_us,7,23.4135,true
AMD Radeon RX 9060 XT,gfx1200,manual_graph,8,256,cpu_submit_us,7,1.72421,true
AMD Radeon RX 9060 XT,gfx1200,direct,8,256,gpu_replay_us,8,24.4761,true
AMD Radeon RX 9060 XT,gfx1200,direct,8,256,cpu_submit_us,8,8.75433,true
AMD Radeon RX 9060 XT,gfx1200,ckl_ordinary,8,256,gpu_replay_us,8,24.6718,true
AMD Radeon RX 9060 XT,gfx1200,ckl_ordinary,8,256,cpu_submit_us,8,8.93335,true
AMD Radeon RX 9060 XT,gfx1200,manual_graph,8,256,gpu_replay_us,8,23.4252,true
AMD Radeon RX 9060 XT,gfx1200,manual_graph,8,256,cpu_submit_us,8,1.73095,true
AMD Radeon RX 9060 XT,gfx1200,ckl_graph,8,256,gpu_replay_us,8,23.4036,true
AMD Radeon RX 9060 XT,gfx1200,ckl_graph,8,256,cpu_submit_us,8,1.81164,true
AMD Radeon RX 9060 XT,gfx1200,ckl_ordinary,8,256,gpu_replay_us,9,24.4195,true
AMD Radeon RX 9060 XT,gfx1200,ckl_ordinary,8,256,cpu_submit_us,9,8.93266,true
AMD Radeon RX 9060 XT,gfx1200,manual_graph,8,256,gpu_replay_us,9,23.4086,true
AMD Radeon RX 9060 XT,gfx1200,manual_graph,8,256,cpu_submit_us,9,1.78016,true
AMD Radeon RX 9060 XT,gfx1200,ckl_graph,8,256,gpu_replay_us,9,23.3829,true
AMD Radeon RX 9060 XT,gfx1200,ckl_graph,8,256,cpu_submit_us,9,1.79157,true
AMD Radeon RX 9060 XT,gfx1200,direct,8,256,gpu_replay_us,9,24.3695,true
AMD Radeon RX 9060 XT,gfx1200,direct,8,256,cpu_submit_us,9,9.02695,true
AMD Radeon RX 9060 XT,gfx1200,manual_graph,8,256,gpu_replay_us,10,23.4028,true
AMD Radeon RX 9060 XT,gfx1200,manual_graph,8,256,cpu_submit_us,10,1.7664,true
AMD Radeon RX 9060 XT,gfx1200,ckl_graph,8,256,gpu_replay_us,10,23.3697,true
AMD Radeon RX 9060 XT,gfx1200,ckl_graph,8,256,cpu_submit_us,10,1.83662,true
AMD Radeon RX 9060 XT,gfx1200,direct,8,256,gpu_replay_us,10,24.3362,true
AMD Radeon RX 9060 XT,gfx1200,direct,8,256,cpu_submit_us,10,8.91646,true
AMD Radeon RX 9060 XT,gfx1200,ckl_ordinary,8,256,gpu_replay_us,10,24.3079,true
AMD Radeon RX 9060 XT,gfx1200,ckl_ordinary,8,256,cpu_submit_us,10,8.88945,true
AMD Radeon RX 9060 XT,gfx1200,ckl_ordinary,16,256,resolve_us,0,1746.8,true
AMD Radeon RX 9060 XT,gfx1200,manual_graph,16,256,instantiate_us,0,81.233,true
AMD Radeon RX 9060 XT,gfx1200,ckl_graph,16,256,instantiate_us,0,61.897,true
AMD Radeon RX 9060 XT,gfx1200,direct,16,256,gpu_replay_us,0,48.6508,true
AMD Radeon RX 9060 XT,gfx1200,direct,16,256,cpu_submit_us,0,24.8803,true
AMD Radeon RX 9060 XT,gfx1200,ckl_ordinary,16,256,gpu_replay_us,0,48.6158,true
AMD Radeon RX 9060 XT,gfx1200,ckl_ordinary,16,256,cpu_submit_us,0,24.768,true
AMD Radeon RX 9060 XT,gfx1200,manual_graph,16,256,gpu_replay_us,0,42.4013,true
AMD Radeon RX 9060 XT,gfx1200,manual_graph,16,256,cpu_submit_us,0,2.16162,true
AMD Radeon RX 9060 XT,gfx1200,ckl_graph,16,256,gpu_replay_us,0,42.3192,true
AMD Radeon RX 9060 XT,gfx1200,ckl_graph,16,256,cpu_submit_us,0,2.19147,true
AMD Radeon RX 9060 XT,gfx1200,ckl_ordinary,16,256,gpu_replay_us,1,48.3806,true
AMD Radeon RX 9060 XT,gfx1200,ckl_ordinary,16,256,cpu_submit_us,1,24.7772,true
AMD Radeon RX 9060 XT,gfx1200,manual_graph,16,256,gpu_replay_us,1,42.2844,true
AMD Radeon RX 9060 XT,gfx1200,manual_graph,16,256,cpu_submit_us,1,2.12754,true
AMD Radeon RX 9060 XT,gfx1200,ckl_graph,16,256,gpu_replay_us,1,42.3676,true
AMD Radeon RX 9060 XT,gfx1200,ckl_graph,16,256,cpu_submit_us,1,2.16226,true
AMD Radeon RX 9060 XT,gfx1200,direct,16,256,gpu_replay_us,1,48.3701,true
AMD Radeon RX 9060 XT,gfx1200,direct,16,256,cpu_submit_us,1,24.672,true
AMD Radeon RX 9060 XT,gfx1200,manual_graph,16,256,gpu_replay_us,2,42.2807,true
AMD Radeon RX 9060 XT,gfx1200,manual_graph,16,256,cpu_submit_us,2,2.16204,true
AMD Radeon RX 9060 XT,gfx1200,ckl_graph,16,256,gpu_replay_us,2,42.329,true
AMD Radeon RX 9060 XT,gfx1200,ckl_graph,16,256,cpu_submit_us,2,2.17837,true
AMD Radeon RX 9060 XT,gfx1200,direct,16,256,gpu_replay_us,2,48.3994,true
AMD Radeon RX 9060 XT,gfx1200,direct,16,256,cpu_submit_us,2,24.7142,true
AMD Radeon RX 9060 XT,gfx1200,ckl_ordinary,16,256,gpu_replay_us,2,48.3494,true
AMD Radeon RX 9060 XT,gfx1200,ckl_ordinary,16,256,cpu_submit_us,2,24.7802,true
AMD Radeon RX 9060 XT,gfx1200,ckl_graph,16,256,gpu_replay_us,3,42.3321,true
AMD Radeon RX 9060 XT,gfx1200,ckl_graph,16,256,cpu_submit_us,3,2.1877,true
AMD Radeon RX 9060 XT,gfx1200,direct,16,256,gpu_replay_us,3,48.3696,true
AMD Radeon RX 9060 XT,gfx1200,direct,16,256,cpu_submit_us,3,24.6613,true
AMD Radeon RX 9060 XT,gfx1200,ckl_ordinary,16,256,gpu_replay_us,3,48.3996,true
AMD Radeon RX 9060 XT,gfx1200,ckl_ordinary,16,256,cpu_submit_us,3,24.7398,true
AMD Radeon RX 9060 XT,gfx1200,manual_graph,16,256,gpu_replay_us,3,42.4965,true
AMD Radeon RX 9060 XT,gfx1200,manual_graph,16,256,cpu_submit_us,3,2.22446,true
AMD Radeon RX 9060 XT,gfx1200,direct,16,256,gpu_replay_us,4,48.35,true
AMD Radeon RX 9060 XT,gfx1200,direct,16,256,cpu_submit_us,4,24.6645,true
AMD Radeon RX 9060 XT,gfx1200,ckl_ordinary,16,256,gpu_replay_us,4,48.3702,true
AMD Radeon RX 9060 XT,gfx1200,ckl_ordinary,16,256,cpu_submit_us,4,24.7505,true
AMD Radeon RX 9060 XT,gfx1200,manual_graph,16,256,gpu_replay_us,4,42.3221,true
AMD Radeon RX 9060 XT,gfx1200,manual_graph,16,256,cpu_submit_us,4,2.22603,true
AMD Radeon RX 9060 XT,gfx1200,ckl_graph,16,256,gpu_replay_us,4,42.3133,true
AMD Radeon RX 9060 XT,gfx1200,ckl_graph,16,256,cpu_submit_us,4,2.16604,true
AMD Radeon RX 9060 XT,gfx1200,ckl_ordinary,16,256,gpu_replay_us,5,48.3618,true
AMD Radeon RX 9060 XT,gfx1200,ckl_ordinary,16,256,cpu_submit_us,5,24.7332,true
AMD Radeon RX 9060 XT,gfx1200,manual_graph,16,256,gpu_replay_us,5,42.3892,true
AMD Radeon RX 9060 XT,gfx1200,manual_graph,16,256,cpu_submit_us,5,2.17348,true
AMD Radeon RX 9060 XT,gfx1200,ckl_graph,16,256,gpu_replay_us,5,42.3251,true
AMD Radeon RX 9060 XT,gfx1200,ckl_graph,16,256,cpu_submit_us,5,2.17589,true
AMD Radeon RX 9060 XT,gfx1200,direct,16,256,gpu_replay_us,5,48.3766,true
AMD Radeon RX 9060 XT,gfx1200,direct,16,256,cpu_submit_us,5,24.7232,true
AMD Radeon RX 9060 XT,gfx1200,manual_graph,16,256,gpu_replay_us,6,42.3776,true
AMD Radeon RX 9060 XT,gfx1200,manual_graph,16,256,cpu_submit_us,6,2.12163,true
AMD Radeon RX 9060 XT,gfx1200,ckl_graph,16,256,gpu_replay_us,6,42.3178,true
AMD Radeon RX 9060 XT,gfx1200,ckl_graph,16,256,cpu_submit_us,6,2.18682,true
AMD Radeon RX 9060 XT,gfx1200,direct,16,256,gpu_replay_us,6,48.3977,true
AMD Radeon RX 9060 XT,gfx1200,direct,16,256,cpu_submit_us,6,24.703,true
AMD Radeon RX 9060 XT,gfx1200,ckl_ordinary,16,256,gpu_replay_us,6,48.362,true
AMD Radeon RX 9060 XT,gfx1200,ckl_ordinary,16,256,cpu_submit_us,6,24.6185,true
AMD Radeon RX 9060 XT,gfx1200,ckl_graph,16,256,gpu_replay_us,7,42.3866,true
AMD Radeon RX 9060 XT,gfx1200,ckl_graph,16,256,cpu_submit_us,7,2.18528,true
AMD Radeon RX 9060 XT,gfx1200,direct,16,256,gpu_replay_us,7,48.3774,true
AMD Radeon RX 9060 XT,gfx1200,direct,16,256,cpu_submit_us,7,24.7321,true
AMD Radeon RX 9060 XT,gfx1200,ckl_ordinary,16,256,gpu_replay_us,7,48.3831,true
AMD Radeon RX 9060 XT,gfx1200,ckl_ordinary,16,256,cpu_submit_us,7,24.7185,true
AMD Radeon RX 9060 XT,gfx1200,manual_graph,16,256,gpu_replay_us,7,42.329,true
AMD Radeon RX 9060 XT,gfx1200,manual_graph,16,256,cpu_submit_us,7,2.14392,true
AMD Radeon RX 9060 XT,gfx1200,direct,16,256,gpu_replay_us,8,48.3613,true
AMD Radeon RX 9060 XT,gfx1200,direct,16,256,cpu_submit_us,8,24.71,true
AMD Radeon RX 9060 XT,gfx1200,ckl_ordinary,16,256,gpu_replay_us,8,48.3734,true
AMD Radeon RX 9060 XT,gfx1200,ckl_ordinary,16,256,cpu_submit_us,8,24.7382,true
AMD Radeon RX 9060 XT,gfx1200,manual_graph,16,256,gpu_replay_us,8,42.3136,true
AMD Radeon RX 9060 XT,gfx1200,manual_graph,16,256,cpu_submit_us,8,2.1723,true
AMD Radeon RX 9060 XT,gfx1200,ckl_graph,16,256,gpu_replay_us,8,42.3394,true
AMD Radeon RX 9060 XT,gfx1200,ckl_graph,16,256,cpu_submit_us,8,2.18245,true
AMD Radeon RX 9060 XT,gfx1200,ckl_ordinary,16,256,gpu_replay_us,9,48.38,true
AMD Radeon RX 9060 XT,gfx1200,ckl_ordinary,16,256,cpu_submit_us,9,24.7038,true
AMD Radeon RX 9060 XT,gfx1200,manual_graph,16,256,gpu_replay_us,9,42.3629,true
AMD Radeon RX 9060 XT,gfx1200,manual_graph,16,256,cpu_submit_us,9,2.17167,true
AMD Radeon RX 9060 XT,gfx1200,ckl_graph,16,256,gpu_replay_us,9,42.3085,true
AMD Radeon RX 9060 XT,gfx1200,ckl_graph,16,256,cpu_submit_us,9,2.18037,true
AMD Radeon RX 9060 XT,gfx1200,direct,16,256,gpu_replay_us,9,48.3886,true
AMD Radeon RX 9060 XT,gfx1200,direct,16,256,cpu_submit_us,9,24.615,true
AMD Radeon RX 9060 XT,gfx1200,manual_graph,16,256,gpu_replay_us,10,42.3418,true
AMD Radeon RX 9060 XT,gfx1200,manual_graph,16,256,cpu_submit_us,10,2.10709,true
AMD Radeon RX 9060 XT,gfx1200,ckl_graph,16,256,gpu_replay_us,10,42.3084,true
AMD Radeon RX 9060 XT,gfx1200,ckl_graph,16,256,cpu_submit_us,10,2.18529,true
AMD Radeon RX 9060 XT,gfx1200,direct,16,256,gpu_replay_us,10,48.3998,true
AMD Radeon RX 9060 XT,gfx1200,direct,16,256,cpu_submit_us,10,24.6959,true
AMD Radeon RX 9060 XT,gfx1200,ckl_ordinary,16,256,gpu_replay_us,10,48.3812,true
AMD Radeon RX 9060 XT,gfx1200,ckl_ordinary,16,256,cpu_submit_us,10,24.7966,true
