device,architecture,artifact,ckl_revision,flydsl_revision,torch_version,hip_version,mode,rows,columns,programs,dtype,launch_count,launch_geometry,workspace_bytes,warmup,iterations,samples,arguments_rotated,metric,sample,value_us,correct
AMD Radeon Graphics,gfx1200,flydsl.rocm.47b6ed6f9c9be06967cdd44b,1bd4884-dirty,v0.3.1-134-g9ce65339-dirty,2.14.0+rocm7.2,7.2.53211,flydsl_eager,512,256,32,f32,2,"[{""grid"":[32,1,1],""block"":[512,1,1],""shared_memory"":0},{""grid"":[4,1,1],""block"":[256,1,1],""shared_memory"":0}]",32768,100,1000,11,false,compile_us,0,226087.716000000,true
AMD Radeon Graphics,gfx1200,flydsl.rocm.47b6ed6f9c9be06967cdd44b,1bd4884-dirty,v0.3.1-134-g9ce65339-dirty,2.14.0+rocm7.2,7.2.53211,ckl_graph,512,256,32,f32,2,"[{""grid"":[32,1,1],""block"":[512,1,1],""shared_memory"":0},{""grid"":[4,1,1],""block"":[256,1,1],""shared_memory"":0}]",32768,100,1000,11,false,create_resolve_instantiate_us,0,3293.028000000,true
AMD Radeon Graphics,gfx1200,flydsl.rocm.47b6ed6f9c9be06967cdd44b,1bd4884-dirty,v0.3.1-134-g9ce65339-dirty,2.14.0+rocm7.2,7.2.53211,torch_graph,512,256,32,f32,2,"[{""grid"":[32,1,1],""block"":[512,1,1],""shared_memory"":0},{""grid"":[4,1,1],""block"":[256,1,1],""shared_memory"":0}]",32768,100,1000,11,false,capture_us,0,357.989000000,true
AMD Radeon Graphics,gfx1200,flydsl.rocm.47b6ed6f9c9be06967cdd44b,1bd4884-dirty,v0.3.1-134-g9ce65339-dirty,2.14.0+rocm7.2,7.2.53211,flydsl_eager,512,256,32,f32,2,"[{""grid"":[32,1,1],""block"":[512,1,1],""shared_memory"":0},{""grid"":[4,1,1],""block"":[256,1,1],""shared_memory"":0}]",32768,100,1000,11,false,gpu_replay_us,0,16.978378296,true
AMD Radeon Graphics,gfx1200,flydsl.rocm.47b6ed6f9c9be06967cdd44b,1bd4884-dirty,v0.3.1-134-g9ce65339-dirty,2.14.0+rocm7.2,7.2.53211,flydsl_eager,512,256,32,f32,2,"[{""grid"":[32,1,1],""block"":[512,1,1],""shared_memory"":0},{""grid"":[4,1,1],""block"":[256,1,1],""shared_memory"":0}]",32768,100,1000,11,false,cpu_submit_us,0,4.625101000,true
AMD Radeon Graphics,gfx1200,flydsl.rocm.47b6ed6f9c9be06967cdd44b,1bd4884-dirty,v0.3.1-134-g9ce65339-dirty,2.14.0+rocm7.2,7.2.53211,torch_graph,512,256,32,f32,2,"[{""grid"":[32,1,1],""block"":[512,1,1],""shared_memory"":0},{""grid"":[4,1,1],""block"":[256,1,1],""shared_memory"":0}]",32768,100,1000,11,false,gpu_replay_us,0,21.502099991,true
AMD Radeon Graphics,gfx1200,flydsl.rocm.47b6ed6f9c9be06967cdd44b,1bd4884-dirty,v0.3.1-134-g9ce65339-dirty,2.14.0+rocm7.2,7.2.53211,torch_graph,512,256,32,f32,2,"[{""grid"":[32,1,1],""block"":[512,1,1],""shared_memory"":0},{""grid"":[4,1,1],""block"":[256,1,1],""shared_memory"":0}]",32768,100,1000,11,false,cpu_submit_us,0,3.573430000,true
AMD Radeon Graphics,gfx1200,flydsl.rocm.47b6ed6f9c9be06967cdd44b,1bd4884-dirty,v0.3.1-134-g9ce65339-dirty,2.14.0+rocm7.2,7.2.53211,ckl_ordinary,512,256,32,f32,2,"[{""grid"":[32,1,1],""block"":[512,1,1],""shared_memory"":0},{""grid"":[4,1,1],""block"":[256,1,1],""shared_memory"":0}]",32768,100,1000,11,false,gpu_replay_us,0,15.009374619,true
AMD Radeon Graphics,gfx1200,flydsl.rocm.47b6ed6f9c9be06967cdd44b,1bd4884-dirty,v0.3.1-134-g9ce65339-dirty,2.14.0+rocm7.2,7.2.53211,ckl_ordinary,512,256,32,f32,2,"[{""grid"":[32,1,1],""block"":[512,1,1],""shared_memory"":0},{""grid"":[4,1,1],""block"":[256,1,1],""shared_memory"":0}]",32768,100,1000,11,false,cpu_submit_us,0,1.851547000,true
AMD Radeon Graphics,gfx1200,flydsl.rocm.47b6ed6f9c9be06967cdd44b,1bd4884-dirty,v0.3.1-134-g9ce65339-dirty,2.14.0+rocm7.2,7.2.53211,ckl_graph,512,256,32,f32,2,"[{""grid"":[32,1,1],""block"":[512,1,1],""shared_memory"":0},{""grid"":[4,1,1],""block"":[256,1,1],""shared_memory"":0}]",32768,100,1000,11,false,gpu_replay_us,0,21.598876953,true
AMD Radeon Graphics,gfx1200,flydsl.rocm.47b6ed6f9c9be06967cdd44b,1bd4884-dirty,v0.3.1-134-g9ce65339-dirty,2.14.0+rocm7.2,7.2.53211,ckl_graph,512,256,32,f32,2,"[{""grid"":[32,1,1],""block"":[512,1,1],""shared_memory"":0},{""grid"":[4,1,1],""block"":[256,1,1],""shared_memory"":0}]",32768,100,1000,11,false,cpu_submit_us,0,3.026412000,true
AMD Radeon Graphics,gfx1200,flydsl.rocm.47b6ed6f9c9be06967cdd44b,1bd4884-dirty,v0.3.1-134-g9ce65339-dirty,2.14.0+rocm7.2,7.2.53211,torch_graph,512,256,32,f32,2,"[{""grid"":[32,1,1],""block"":[512,1,1],""shared_memory"":0},{""grid"":[4,1,1],""block"":[256,1,1],""shared_memory"":0}]",32768,100,1000,11,false,gpu_replay_us,1,21.543821335,true
AMD Radeon Graphics,gfx1200,flydsl.rocm.47b6ed6f9c9be06967cdd44b,1bd4884-dirty,v0.3.1-134-g9ce65339-dirty,2.14.0+rocm7.2,7.2.53211,torch_graph,512,256,32,f32,2,"[{""grid"":[32,1,1],""block"":[512,1,1],""shared_memory"":0},{""grid"":[4,1,1],""block"":[256,1,1],""shared_memory"":0}]",32768,100,1000,11,false,cpu_submit_us,1,3.232694000,true
AMD Radeon Graphics,gfx1200,flydsl.rocm.47b6ed6f9c9be06967cdd44b,1bd4884-dirty,v0.3.1-134-g9ce65339-dirty,2.14.0+rocm7.2,7.2.53211,ckl_ordinary,512,256,32,f32,2,"[{""grid"":[32,1,1],""block"":[512,1,1],""shared_memory"":0},{""grid"":[4,1,1],""block"":[256,1,1],""shared_memory"":0}]",32768,100,1000,11,false,gpu_replay_us,1,15.087016106,true
AMD Radeon Graphics,gfx1200,flydsl.rocm.47b6ed6f9c9be06967cdd44b,1bd4884-dirty,v0.3.1-134-g9ce65339-dirty,2.14.0+rocm7.2,7.2.53211,ckl_ordinary,512,256,32,f32,2,"[{""grid"":[32,1,1],""block"":[512,1,1],""shared_memory"":0},{""grid"":[4,1,1],""block"":[256,1,1],""shared_memory"":0}]",32768,100,1000,11,false,cpu_submit_us,1,1.827071000,true
AMD Radeon Graphics,gfx1200,flydsl.rocm.47b6ed6f9c9be06967cdd44b,1bd4884-dirty,v0.3.1-134-g9ce65339-dirty,2.14.0+rocm7.2,7.2.53211,ckl_graph,512,256,32,f32,2,"[{""grid"":[32,1,1],""block"":[512,1,1],""shared_memory"":0},{""grid"":[4,1,1],""block"":[256,1,1],""shared_memory"":0}]",32768,100,1000,11,false,gpu_replay_us,1,21.565219879,true
AMD Radeon Graphics,gfx1200,flydsl.rocm.47b6ed6f9c9be06967cdd44b,1bd4884-dirty,v0.3.1-134-g9ce65339-dirty,2.14.0+rocm7.2,7.2.53211,ckl_graph,512,256,32,f32,2,"[{""grid"":[32,1,1],""block"":[512,1,1],""shared_memory"":0},{""grid"":[4,1,1],""block"":[256,1,1],""shared_memory"":0}]",32768,100,1000,11,false,cpu_submit_us,1,2.975737000,true
AMD Radeon Graphics,gfx1200,flydsl.rocm.47b6ed6f9c9be06967cdd44b,1bd4884-dirty,v0.3.1-134-g9ce65339-dirty,2.14.0+rocm7.2,7.2.53211,flydsl_eager,512,256,32,f32,2,"[{""grid"":[32,1,1],""block"":[512,1,1],""shared_memory"":0},{""grid"":[4,1,1],""block"":[256,1,1],""shared_memory"":0}]",32768,100,1000,11,false,gpu_replay_us,1,15.094975471,true
AMD Radeon Graphics,gfx1200,flydsl.rocm.47b6ed6f9c9be06967cdd44b,1bd4884-dirty,v0.3.1-134-g9ce65339-dirty,2.14.0+rocm7.2,7.2.53211,flydsl_eager,512,256,32,f32,2,"[{""grid"":[32,1,1],""block"":[512,1,1],""shared_memory"":0},{""grid"":[4,1,1],""block"":[256,1,1],""shared_memory"":0}]",32768,100,1000,11,false,cpu_submit_us,1,4.558745000,true
AMD Radeon Graphics,gfx1200,flydsl.rocm.47b6ed6f9c9be06967cdd44b,1bd4884-dirty,v0.3.1-134-g9ce65339-dirty,2.14.0+rocm7.2,7.2.53211,ckl_ordinary,512,256,32,f32,2,"[{""grid"":[32,1,1],""block"":[512,1,1],""shared_memory"":0},{""grid"":[4,1,1],""block"":[256,1,1],""shared_memory"":0}]",32768,100,1000,11,false,gpu_replay_us,2,15.084534645,true
AMD Radeon Graphics,gfx1200,flydsl.rocm.47b6ed6f9c9be06967cdd44b,1bd4884-dirty,v0.3.1-134-g9ce65339-dirty,2.14.0+rocm7.2,7.2.53211,ckl_ordinary,512,256,32,f32,2,"[{""grid"":[32,1,1],""block"":[512,1,1],""shared_memory"":0},{""grid"":[4,1,1],""block"":[256,1,1],""shared_memory"":0}]",32768,100,1000,11,false,cpu_submit_us,2,1.845235000,true
AMD Radeon Graphics,gfx1200,flydsl.rocm.47b6ed6f9c9be06967cdd44b,1bd4884-dirty,v0.3.1-134-g9ce65339-dirty,2.14.0+rocm7.2,7.2.53211,ckl_graph,512,256,32,f32,2,"[{""grid"":[32,1,1],""block"":[512,1,1],""shared_memory"":0},{""grid"":[4,1,1],""block"":[256,1,1],""shared_memory"":0}]",32768,100,1000,11,false,gpu_replay_us,2,21.665622711,true
AMD Radeon Graphics,gfx1200,flydsl.rocm.47b6ed6f9c9be06967cdd44b,1bd4884-dirty,v0.3.1-134-g9ce65339-dirty,2.14.0+rocm7.2,7.2.53211,ckl_graph,512,256,32,f32,2,"[{""grid"":[32,1,1],""block"":[512,1,1],""shared_memory"":0},{""grid"":[4,1,1],""block"":[256,1,1],""shared_memory"":0}]",32768,100,1000,11,false,cpu_submit_us,2,3.050949000,true
AMD Radeon Graphics,gfx1200,flydsl.rocm.47b6ed6f9c9be06967cdd44b,1bd4884-dirty,v0.3.1-134-g9ce65339-dirty,2.14.0+rocm7.2,7.2.53211,flydsl_eager,512,256,32,f32,2,"[{""grid"":[32,1,1],""block"":[512,1,1],""shared_memory"":0},{""grid"":[4,1,1],""block"":[256,1,1],""shared_memory"":0}]",32768,100,1000,11,false,gpu_replay_us,2,15.105265617,true
AMD Radeon Graphics,gfx1200,flydsl.rocm.47b6ed6f9c9be06967cdd44b,1bd4884-dirty,v0.3.1-134-g9ce65339-dirty,2.14.0+rocm7.2,7.2.53211,flydsl_eager,512,256,32,f32,2,"[{""grid"":[32,1,1],""block"":[512,1,1],""shared_memory"":0},{""grid"":[4,1,1],""block"":[256,1,1],""shared_memory"":0}]",32768,100,1000,11,false,cpu_submit_us,2,4.518951000,true
AMD Radeon Graphics,gfx1200,flydsl.rocm.47b6ed6f9c9be06967cdd44b,1bd4884-dirty,v0.3.1-134-g9ce65339-dirty,2.14.0+rocm7.2,7.2.53211,torch_graph,512,256,32,f32,2,"[{""grid"":[32,1,1],""block"":[512,1,1],""shared_memory"":0},{""grid"":[4,1,1],""block"":[256,1,1],""shared_memory"":0}]",32768,100,1000,11,false,gpu_replay_us,2,21.661420822,true
AMD Radeon Graphics,gfx1200,flydsl.rocm.47b6ed6f9c9be06967cdd44b,1bd4884-dirty,v0.3.1-134-g9ce65339-dirty,2.14.0+rocm7.2,7.2.53211,torch_graph,512,256,32,f32,2,"[{""grid"":[32,1,1],""block"":[512,1,1],""shared_memory"":0},{""grid"":[4,1,1],""block"":[256,1,1],""shared_memory"":0}]",32768,100,1000,11,false,cpu_submit_us,2,3.274212000,true
AMD Radeon Graphics,gfx1200,flydsl.rocm.47b6ed6f9c9be06967cdd44b,1bd4884-dirty,v0.3.1-134-g9ce65339-dirty,2.14.0+rocm7.2,7.2.53211,ckl_graph,512,256,32,f32,2,"[{""grid"":[32,1,1],""block"":[512,1,1],""shared_memory"":0},{""grid"":[4,1,1],""block"":[256,1,1],""shared_memory"":0}]",32768,100,1000,11,false,gpu_replay_us,3,21.543180466,true
AMD Radeon Graphics,gfx1200,flydsl.rocm.47b6ed6f9c9be06967cdd44b,1bd4884-dirty,v0.3.1-134-g9ce65339-dirty,2.14.0+rocm7.2,7.2.53211,ckl_graph,512,256,32,f32,2,"[{""grid"":[32,1,1],""block"":[512,1,1],""shared_memory"":0},{""grid"":[4,1,1],""block"":[256,1,1],""shared_memory"":0}]",32768,100,1000,11,false,cpu_submit_us,3,2.969646000,true
AMD Radeon Graphics,gfx1200,flydsl.rocm.47b6ed6f9c9be06967cdd44b,1bd4884-dirty,v0.3.1-134-g9ce65339-dirty,2.14.0+rocm7.2,7.2.53211,flydsl_eager,512,256,32,f32,2,"[{""grid"":[32,1,1],""block"":[512,1,1],""shared_memory"":0},{""grid"":[4,1,1],""block"":[256,1,1],""shared_memory"":0}]",32768,100,1000,11,false,gpu_replay_us,3,14.943655014,true
AMD Radeon Graphics,gfx1200,flydsl.rocm.47b6ed6f9c9be06967cdd44b,1bd4884-dirty,v0.3.1-134-g9ce65339-dirty,2.14.0+rocm7.2,7.2.53211,flydsl_eager,512,256,32,f32,2,"[{""grid"":[32,1,1],""block"":[512,1,1],""shared_memory"":0},{""grid"":[4,1,1],""block"":[256,1,1],""shared_memory"":0}]",32768,100,1000,11,false,cpu_submit_us,3,4.534109000,true
AMD Radeon Graphics,gfx1200,flydsl.rocm.47b6ed6f9c9be06967cdd44b,1bd4884-dirty,v0.3.1-134-g9ce65339-dirty,2.14.0+rocm7.2,7.2.53211,torch_graph,512,256,32,f32,2,"[{""grid"":[32,1,1],""block"":[512,1,1],""shared_memory"":0},{""grid"":[4,1,1],""block"":[256,1,1],""shared_memory"":0}]",32768,100,1000,11,false,gpu_replay_us,3,21.508901596,true
AMD Radeon Graphics,gfx1200,flydsl.rocm.47b6ed6f9c9be06967cdd44b,1bd4884-dirty,v0.3.1-134-g9ce65339-dirty,2.14.0+rocm7.2,7.2.53211,torch_graph,512,256,32,f32,2,"[{""grid"":[32,1,1],""block"":[512,1,1],""shared_memory"":0},{""grid"":[4,1,1],""block"":[256,1,1],""shared_memory"":0}]",32768,100,1000,11,false,cpu_submit_us,3,3.213106000,true
AMD Radeon Graphics,gfx1200,flydsl.rocm.47b6ed6f9c9be06967cdd44b,1bd4884-dirty,v0.3.1-134-g9ce65339-dirty,2.14.0+rocm7.2,7.2.53211,ckl_ordinary,512,256,32,f32,2,"[{""grid"":[32,1,1],""block"":[512,1,1],""shared_memory"":0},{""grid"":[4,1,1],""block"":[256,1,1],""shared_memory"":0}]",32768,100,1000,11,false,gpu_replay_us,3,14.875655174,true
AMD Radeon Graphics,gfx1200,flydsl.rocm.47b6ed6f9c9be06967cdd44b,1bd4884-dirty,v0.3.1-134-g9ce65339-dirty,2.14.0+rocm7.2,7.2.53211,ckl_ordinary,512,256,32,f32,2,"[{""grid"":[32,1,1],""block"":[512,1,1],""shared_memory"":0},{""grid"":[4,1,1],""block"":[256,1,1],""shared_memory"":0}]",32768,100,1000,11,false,cpu_submit_us,3,1.843402000,true
AMD Radeon Graphics,gfx1200,flydsl.rocm.47b6ed6f9c9be06967cdd44b,1bd4884-dirty,v0.3.1-134-g9ce65339-dirty,2.14.0+rocm7.2,7.2.53211,flydsl_eager,512,256,32,f32,2,"[{""grid"":[32,1,1],""block"":[512,1,1],""shared_memory"":0},{""grid"":[4,1,1],""block"":[256,1,1],""shared_memory"":0}]",32768,100,1000,11,false,gpu_replay_us,4,14.881495476,true
AMD Radeon Graphics,gfx1200,flydsl.rocm.47b6ed6f9c9be06967cdd44b,1bd4884-dirty,v0.3.1-134-g9ce65339-dirty,2.14.0+rocm7.2,7.2.53211,flydsl_eager,512,256,32,f32,2,"[{""grid"":[32,1,1],""block"":[512,1,1],""shared_memory"":0},{""grid"":[4,1,1],""block"":[256,1,1],""shared_memory"":0}]",32768,100,1000,11,false,cpu_submit_us,4,4.520633000,true
AMD Radeon Graphics,gfx1200,flydsl.rocm.47b6ed6f9c9be06967cdd44b,1bd4884-dirty,v0.3.1-134-g9ce65339-dirty,2.14.0+rocm7.2,7.2.53211,torch_graph,512,256,32,f32,2,"[{""grid"":[32,1,1],""block"":[512,1,1],""shared_memory"":0},{""grid"":[4,1,1],""block"":[256,1,1],""shared_memory"":0}]",32768,100,1000,11,false,gpu_replay_us,4,21.721902847,true
AMD Radeon Graphics,gfx1200,flydsl.rocm.47b6ed6f9c9be06967cdd44b,1bd4884-dirty,v0.3.1-134-g9ce65339-dirty,2.14.0+rocm7.2,7.2.53211,torch_graph,512,256,32,f32,2,"[{""grid"":[32,1,1],""block"":[512,1,1],""shared_memory"":0},{""grid"":[4,1,1],""block"":[256,1,1],""shared_memory"":0}]",32768,100,1000,11,false,cpu_submit_us,4,3.237904000,true
AMD Radeon Graphics,gfx1200,flydsl.rocm.47b6ed6f9c9be06967cdd44b,1bd4884-dirty,v0.3.1-134-g9ce65339-dirty,2.14.0+rocm7.2,7.2.53211,ckl_ordinary,512,256,32,f32,2,"[{""grid"":[32,1,1],""block"":[512,1,1],""shared_memory"":0},{""grid"":[4,1,1],""block"":[256,1,1],""shared_memory"":0}]",32768,100,1000,11,false,gpu_replay_us,4,14.867094994,true
AMD Radeon Graphics,gfx1200,flydsl.rocm.47b6ed6f9c9be06967cdd44b,1bd4884-dirty,v0.3.1-134-g9ce65339-dirty,2.14.0+rocm7.2,7.2.53211,ckl_ordinary,512,256,32,f32,2,"[{""grid"":[32,1,1],""block"":[512,1,1],""shared_memory"":0},{""grid"":[4,1,1],""block"":[256,1,1],""shared_memory"":0}]",32768,100,1000,11,false,cpu_submit_us,4,1.841949000,true
AMD Radeon Graphics,gfx1200,flydsl.rocm.47b6ed6f9c9be06967cdd44b,1bd4884-dirty,v0.3.1-134-g9ce65339-dirty,2.14.0+rocm7.2,7.2.53211,ckl_graph,512,256,32,f32,2,"[{""grid"":[32,1,1],""block"":[512,1,1],""shared_memory"":0},{""grid"":[4,1,1],""block"":[256,1,1],""shared_memory"":0}]",32768,100,1000,11,false,gpu_replay_us,4,21.682264328,true
AMD Radeon Graphics,gfx1200,flydsl.rocm.47b6ed6f9c9be06967cdd44b,1bd4884-dirty,v0.3.1-134-g9ce65339-dirty,2.14.0+rocm7.2,7.2.53211,ckl_graph,512,256,32,f32,2,"[{""grid"":[32,1,1],""block"":[512,1,1],""shared_memory"":0},{""grid"":[4,1,1],""block"":[256,1,1],""shared_memory"":0}]",32768,100,1000,11,false,cpu_submit_us,4,2.981598000,true
AMD Radeon Graphics,gfx1200,flydsl.rocm.47b6ed6f9c9be06967cdd44b,1bd4884-dirty,v0.3.1-134-g9ce65339-dirty,2.14.0+rocm7.2,7.2.53211,torch_graph,512,256,32,f32,2,"[{""grid"":[32,1,1],""block"":[512,1,1],""shared_memory"":0},{""grid"":[4,1,1],""block"":[256,1,1],""shared_memory"":0}]",32768,100,1000,11,false,gpu_replay_us,5,21.546459198,true
AMD Radeon Graphics,gfx1200,flydsl.rocm.47b6ed6f9c9be06967cdd44b,1bd4884-dirty,v0.3.1-134-g9ce65339-dirty,2.14.0+rocm7.2,7.2.53211,torch_graph,512,256,32,f32,2,"[{""grid"":[32,1,1],""block"":[512,1,1],""shared_memory"":0},{""grid"":[4,1,1],""block"":[256,1,1],""shared_memory"":0}]",32768,100,1000,11,false,cpu_submit_us,5,3.245819000,true
AMD Radeon Graphics,gfx1200,flydsl.rocm.47b6ed6f9c9be06967cdd44b,1bd4884-dirty,v0.3.1-134-g9ce65339-dirty,2.14.0+rocm7.2,7.2.53211,ckl_ordinary,512,256,32,f32,2,"[{""grid"":[32,1,1],""block"":[512,1,1],""shared_memory"":0},{""grid"":[4,1,1],""block"":[256,1,1],""shared_memory"":0}]",32768,100,1000,11,false,gpu_replay_us,5,14.914694786,true
AMD Radeon Graphics,gfx1200,flydsl.rocm.47b6ed6f9c9be06967cdd44b,1bd4884-dirty,v0.3.1-134-g9ce65339-dirty,2.14.0+rocm7.2,7.2.53211,ckl_ordinary,512,256,32,f32,2,"[{""grid"":[32,1,1],""block"":[512,1,1],""shared_memory"":0},{""grid"":[4,1,1],""block"":[256,1,1],""shared_memory"":0}]",32768,100,1000,11,false,cpu_submit_us,5,1.851447000,true
AMD Radeon Graphics,gfx1200,flydsl.rocm.47b6ed6f9c9be06967cdd44b,1bd4884-dirty,v0.3.1-134-g9ce65339-dirty,2.14.0+rocm7.2,7.2.53211,ckl_graph,512,256,32,f32,2,"[{""grid"":[32,1,1],""block"":[512,1,1],""shared_memory"":0},{""grid"":[4,1,1],""block"":[256,1,1],""shared_memory"":0}]",32768,100,1000,11,false,gpu_replay_us,5,21.555059433,true
AMD Radeon Graphics,gfx1200,flydsl.rocm.47b6ed6f9c9be06967cdd44b,1bd4884-dirty,v0.3.1-134-g9ce65339-dirty,2.14.0+rocm7.2,7.2.53211,ckl_graph,512,256,32,f32,2,"[{""grid"":[32,1,1],""block"":[512,1,1],""shared_memory"":0},{""grid"":[4,1,1],""block"":[256,1,1],""shared_memory"":0}]",32768,100,1000,11,false,cpu_submit_us,5,3.017205000,true
AMD Radeon Graphics,gfx1200,flydsl.rocm.47b6ed6f9c9be06967cdd44b,1bd4884-dirty,v0.3.1-134-g9ce65339-dirty,2.14.0+rocm7.2,7.2.53211,flydsl_eager,512,256,32,f32,2,"[{""grid"":[32,1,1],""block"":[512,1,1],""shared_memory"":0},{""grid"":[4,1,1],""block"":[256,1,1],""shared_memory"":0}]",32768,100,1000,11,false,gpu_replay_us,5,14.911214828,true
AMD Radeon Graphics,gfx1200,flydsl.rocm.47b6ed6f9c9be06967cdd44b,1bd4884-dirty,v0.3.1-134-g9ce65339-dirty,2.14.0+rocm7.2,7.2.53211,flydsl_eager,512,256,32,f32,2,"[{""grid"":[32,1,1],""block"":[512,1,1],""shared_memory"":0},{""grid"":[4,1,1],""block"":[256,1,1],""shared_memory"":0}]",32768,100,1000,11,false,cpu_submit_us,5,4.514181000,true
AMD Radeon Graphics,gfx1200,flydsl.rocm.47b6ed6f9c9be06967cdd44b,1bd4884-dirty,v0.3.1-134-g9ce65339-dirty,2.14.0+rocm7.2,7.2.53211,ckl_ordinary,512,256,32,f32,2,"[{""grid"":[32,1,1],""block"":[512,1,1],""shared_memory"":0},{""grid"":[4,1,1],""block"":[256,1,1],""shared_memory"":0}]",32768,100,1000,11,false,gpu_replay_us,6,14.895495415,true
AMD Radeon Graphics,gfx1200,flydsl.rocm.47b6ed6f9c9be06967cdd44b,1bd4884-dirty,v0.3.1-134-g9ce65339-dirty,2.14.0+rocm7.2,7.2.53211,ckl_ordinary,512,256,32,f32,2,"[{""grid"":[32,1,1],""block"":[512,1,1],""shared_memory"":0},{""grid"":[4,1,1],""block"":[256,1,1],""shared_memory"":0}]",32768,100,1000,11,false,cpu_submit_us,6,1.891213000,true
AMD Radeon Graphics,gfx1200,flydsl.rocm.47b6ed6f9c9be06967cdd44b,1bd4884-dirty,v0.3.1-134-g9ce65339-dirty,2.14.0+rocm7.2,7.2.53211,ckl_graph,512,256,32,f32,2,"[{""grid"":[32,1,1],""block"":[512,1,1],""shared_memory"":0},{""grid"":[4,1,1],""block"":[256,1,1],""shared_memory"":0}]",32768,100,1000,11,false,gpu_replay_us,6,21.347301483,true
AMD Radeon Graphics,gfx1200,flydsl.rocm.47b6ed6f9c9be06967cdd44b,1bd4884-dirty,v0.3.1-134-g9ce65339-dirty,2.14.0+rocm7.2,7.2.53211,ckl_graph,512,256,32,f32,2,"[{""grid"":[32,1,1],""block"":[512,1,1],""shared_memory"":0},{""grid"":[4,1,1],""block"":[256,1,1],""shared_memory"":0}]",32768,100,1000,11,false,cpu_submit_us,6,2.911055000,true
AMD Radeon Graphics,gfx1200,flydsl.rocm.47b6ed6f9c9be06967cdd44b,1bd4884-dirty,v0.3.1-134-g9ce65339-dirty,2.14.0+rocm7.2,7.2.53211,flydsl_eager,512,256,32,f32,2,"[{""grid"":[32,1,1],""block"":[512,1,1],""shared_memory"":0},{""grid"":[4,1,1],""block"":[256,1,1],""shared_memory"":0}]",32768,100,1000,11,false,gpu_replay_us,6,14.866706848,true
AMD Radeon Graphics,gfx1200,flydsl.rocm.47b6ed6f9c9be06967cdd44b,1bd4884-dirty,v0.3.1-134-g9ce65339-dirty,2.14.0+rocm7.2,7.2.53211,flydsl_eager,512,256,32,f32,2,"[{""grid"":[32,1,1],""block"":[512,1,1],""shared_memory"":0},{""grid"":[4,1,1],""block"":[256,1,1],""shared_memory"":0}]",32768,100,1000,11,false,cpu_submit_us,6,4.535822000,true
AMD Radeon Graphics,gfx1200,flydsl.rocm.47b6ed6f9c9be06967cdd44b,1bd4884-dirty,v0.3.1-134-g9ce65339-dirty,2.14.0+rocm7.2,7.2.53211,torch_graph,512,256,32,f32,2,"[{""grid"":[32,1,1],""block"":[512,1,1],""shared_memory"":0},{""grid"":[4,1,1],""block"":[256,1,1],""shared_memory"":0}]",32768,100,1000,11,false,gpu_replay_us,6,21.292179108,true
AMD Radeon Graphics,gfx1200,flydsl.rocm.47b6ed6f9c9be06967cdd44b,1bd4884-dirty,v0.3.1-134-g9ce65339-dirty,2.14.0+rocm7.2,7.2.53211,torch_graph,512,256,32,f32,2,"[{""grid"":[32,1,1],""block"":[512,1,1],""shared_memory"":0},{""grid"":[4,1,1],""block"":[256,1,1],""shared_memory"":0}]",32768,100,1000,11,false,cpu_submit_us,6,3.219910000,true
AMD Radeon Graphics,gfx1200,flydsl.rocm.47b6ed6f9c9be06967cdd44b,1bd4884-dirty,v0.3.1-134-g9ce65339-dirty,2.14.0+rocm7.2,7.2.53211,ckl_graph,512,256,32,f32,2,"[{""grid"":[32,1,1],""block"":[512,1,1],""shared_memory"":0},{""grid"":[4,1,1],""block"":[256,1,1],""shared_memory"":0}]",32768,100,1000,11,false,gpu_replay_us,7,21.419422150,true
AMD Radeon Graphics,gfx1200,flydsl.rocm.47b6ed6f9c9be06967cdd44b,1bd4884-dirty,v0.3.1-134-g9ce65339-dirty,2.14.0+rocm7.2,7.2.53211,ckl_graph,512,256,32,f32,2,"[{""grid"":[32,1,1],""block"":[512,1,1],""shared_memory"":0},{""grid"":[4,1,1],""block"":[256,1,1],""shared_memory"":0}]",32768,100,1000,11,false,cpu_submit_us,7,2.950218000,true
AMD Radeon Graphics,gfx1200,flydsl.rocm.47b6ed6f9c9be06967cdd44b,1bd4884-dirty,v0.3.1-134-g9ce65339-dirty,2.14.0+rocm7.2,7.2.53211,flydsl_eager,512,256,32,f32,2,"[{""grid"":[32,1,1],""block"":[512,1,1],""shared_memory"":0},{""grid"":[4,1,1],""block"":[256,1,1],""shared_memory"":0}]",32768,100,1000,11,false,gpu_replay_us,7,14.699894905,true
AMD Radeon Graphics,gfx1200,flydsl.rocm.47b6ed6f9c9be06967cdd44b,1bd4884-dirty,v0.3.1-134-g9ce65339-dirty,2.14.0+rocm7.2,7.2.53211,flydsl_eager,512,256,32,f32,2,"[{""grid"":[32,1,1],""block"":[512,1,1],""shared_memory"":0},{""grid"":[4,1,1],""block"":[256,1,1],""shared_memory"":0}]",32768,100,1000,11,false,cpu_submit_us,7,4.516265000,true
AMD Radeon Graphics,gfx1200,flydsl.rocm.47b6ed6f9c9be06967cdd44b,1bd4884-dirty,v0.3.1-134-g9ce65339-dirty,2.14.0+rocm7.2,7.2.53211,torch_graph,512,256,32,f32,2,"[{""grid"":[32,1,1],""block"":[512,1,1],""shared_memory"":0},{""grid"":[4,1,1],""block"":[256,1,1],""shared_memory"":0}]",32768,100,1000,11,false,gpu_replay_us,7,21.468019485,true
AMD Radeon Graphics,gfx1200,flydsl.rocm.47b6ed6f9c9be06967cdd44b,1bd4884-dirty,v0.3.1-134-g9ce65339-dirty,2.14.0+rocm7.2,7.2.53211,torch_graph,512,256,32,f32,2,"[{""grid"":[32,1,1],""block"":[512,1,1],""shared_memory"":0},{""grid"":[4,1,1],""block"":[256,1,1],""shared_memory"":0}]",32768,100,1000,11,false,cpu_submit_us,7,3.230048000,true
AMD Radeon Graphics,gfx1200,flydsl.rocm.47b6ed6f9c9be06967cdd44b,1bd4884-dirty,v0.3.1-134-g9ce65339-dirty,2.14.0+rocm7.2,7.2.53211,ckl_ordinary,512,256,32,f32,2,"[{""grid"":[32,1,1],""block"":[512,1,1],""shared_memory"":0},{""grid"":[4,1,1],""block"":[256,1,1],""shared_memory"":0}]",32768,100,1000,11,false,gpu_replay_us,7,14.704095840,true
AMD Radeon Graphics,gfx1200,flydsl.rocm.47b6ed6f9c9be06967cdd44b,1bd4884-dirty,v0.3.1-134-g9ce65339-dirty,2.14.0+rocm7.2,7.2.53211,ckl_ordinary,512,256,32,f32,2,"[{""grid"":[32,1,1],""block"":[512,1,1],""shared_memory"":0},{""grid"":[4,1,1],""block"":[256,1,1],""shared_memory"":0}]",32768,100,1000,11,false,cpu_submit_us,7,1.836368000,true
AMD Radeon Graphics,gfx1200,flydsl.rocm.47b6ed6f9c9be06967cdd44b,1bd4884-dirty,v0.3.1-134-g9ce65339-dirty,2.14.0+rocm7.2,7.2.53211,flydsl_eager,512,256,32,f32,2,"[{""grid"":[32,1,1],""block"":[512,1,1],""shared_memory"":0},{""grid"":[4,1,1],""block"":[256,1,1],""shared_memory"":0}]",32768,100,1000,11,false,gpu_replay_us,8,14.718854904,true
AMD Radeon Graphics,gfx1200,flydsl.rocm.47b6ed6f9c9be06967cdd44b,1bd4884-dirty,v0.3.1-134-g9ce65339-dirty,2.14.0+rocm7.2,7.2.53211,flydsl_eager,512,256,32,f32,2,"[{""grid"":[32,1,1],""block"":[512,1,1],""shared_memory"":0},{""grid"":[4,1,1],""block"":[256,1,1],""shared_memory"":0}]",32768,100,1000,11,false,cpu_submit_us,8,4.517458000,true
AMD Radeon Graphics,gfx1200,flydsl.rocm.47b6ed6f9c9be06967cdd44b,1bd4884-dirty,v0.3.1-134-g9ce65339-dirty,2.14.0+rocm7.2,7.2.53211,torch_graph,512,256,32,f32,2,"[{""grid"":[32,1,1],""block"":[512,1,1],""shared_memory"":0},{""grid"":[4,1,1],""block"":[256,1,1],""shared_memory"":0}]",32768,100,1000,11,false,gpu_replay_us,8,21.244501114,true
AMD Radeon Graphics,gfx1200,flydsl.rocm.47b6ed6f9c9be06967cdd44b,1bd4884-dirty,v0.3.1-134-g9ce65339-dirty,2.14.0+rocm7.2,7.2.53211,torch_graph,512,256,32,f32,2,"[{""grid"":[32,1,1],""block"":[512,1,1],""shared_memory"":0},{""grid"":[4,1,1],""block"":[256,1,1],""shared_memory"":0}]",32768,100,1000,11,false,cpu_submit_us,8,3.147673000,true
AMD Radeon Graphics,gfx1200,flydsl.rocm.47b6ed6f9c9be06967cdd44b,1bd4884-dirty,v0.3.1-134-g9ce65339-dirty,2.14.0+rocm7.2,7.2.53211,ckl_ordinary,512,256,32,f32,2,"[{""grid"":[32,1,1],""block"":[512,1,1],""shared_memory"":0},{""grid"":[4,1,1],""block"":[256,1,1],""shared_memory"":0}]",32768,100,1000,11,false,gpu_replay_us,8,14.674815178,true
AMD Radeon Graphics,gfx1200,flydsl.rocm.47b6ed6f9c9be06967cdd44b,1bd4884-dirty,v0.3.1-134-g9ce65339-dirty,2.14.0+rocm7.2,7.2.53211,ckl_ordinary,512,256,32,f32,2,"[{""grid"":[32,1,1],""block"":[512,1,1],""shared_memory"":0},{""grid"":[4,1,1],""block"":[256,1,1],""shared_memory"":0}]",32768,100,1000,11,false,cpu_submit_us,8,1.829526000,true
AMD Radeon Graphics,gfx1200,flydsl.rocm.47b6ed6f9c9be06967cdd44b,1bd4884-dirty,v0.3.1-134-g9ce65339-dirty,2.14.0+rocm7.2,7.2.53211,ckl_graph,512,256,32,f32,2,"[{""grid"":[32,1,1],""block"":[512,1,1],""shared_memory"":0},{""grid"":[4,1,1],""block"":[256,1,1],""shared_memory"":0}]",32768,100,1000,11,false,gpu_replay_us,8,21.230419159,true
AMD Radeon Graphics,gfx1200,flydsl.rocm.47b6ed6f9c9be06967cdd44b,1bd4884-dirty,v0.3.1-134-g9ce65339-dirty,2.14.0+rocm7.2,7.2.53211,ckl_graph,512,256,32,f32,2,"[{""grid"":[32,1,1],""block"":[512,1,1],""shared_memory"":0},{""grid"":[4,1,1],""block"":[256,1,1],""shared_memory"":0}]",32768,100,1000,11,false,cpu_submit_us,8,2.934799000,true
AMD Radeon Graphics,gfx1200,flydsl.rocm.47b6ed6f9c9be06967cdd44b,1bd4884-dirty,v0.3.1-134-g9ce65339-dirty,2.14.0+rocm7.2,7.2.53211,torch_graph,512,256,32,f32,2,"[{""grid"":[32,1,1],""block"":[512,1,1],""shared_memory"":0},{""grid"":[4,1,1],""block"":[256,1,1],""shared_memory"":0}]",32768,100,1000,11,false,gpu_replay_us,9,21.165580750,true
AMD Radeon Graphics,gfx1200,flydsl.rocm.47b6ed6f9c9be06967cdd44b,1bd4884-dirty,v0.3.1-134-g9ce65339-dirty,2.14.0+rocm7.2,7.2.53211,torch_graph,512,256,32,f32,2,"[{""grid"":[32,1,1],""block"":[512,1,1],""shared_memory"":0},{""grid"":[4,1,1],""block"":[256,1,1],""shared_memory"":0}]",32768,100,1000,11,false,cpu_submit_us,9,3.193189000,true
AMD Radeon Graphics,gfx1200,flydsl.rocm.47b6ed6f9c9be06967cdd44b,1bd4884-dirty,v0.3.1-134-g9ce65339-dirty,2.14.0+rocm7.2,7.2.53211,ckl_ordinary,512,256,32,f32,2,"[{""grid"":[32,1,1],""block"":[512,1,1],""shared_memory"":0},{""grid"":[4,1,1],""block"":[256,1,1],""shared_memory"":0}]",32768,100,1000,11,false,gpu_replay_us,9,14.718774796,true
AMD Radeon Graphics,gfx1200,flydsl.rocm.47b6ed6f9c9be06967cdd44b,1bd4884-dirty,v0.3.1-134-g9ce65339-dirty,2.14.0+rocm7.2,7.2.53211,ckl_ordinary,512,256,32,f32,2,"[{""grid"":[32,1,1],""block"":[512,1,1],""shared_memory"":0},{""grid"":[4,1,1],""block"":[256,1,1],""shared_memory"":0}]",32768,100,1000,11,false,cpu_submit_us,9,1.833874000,true
AMD Radeon Graphics,gfx1200,flydsl.rocm.47b6ed6f9c9be06967cdd44b,1bd4884-dirty,v0.3.1-134-g9ce65339-dirty,2.14.0+rocm7.2,7.2.53211,ckl_graph,512,256,32,f32,2,"[{""grid"":[32,1,1],""block"":[512,1,1],""shared_memory"":0},{""grid"":[4,1,1],""block"":[256,1,1],""shared_memory"":0}]",32768,100,1000,11,false,gpu_replay_us,9,21.182020187,true
AMD Radeon Graphics,gfx1200,flydsl.rocm.47b6ed6f9c9be06967cdd44b,1bd4884-dirty,v0.3.1-134-g9ce65339-dirty,2.14.0+rocm7.2,7.2.53211,ckl_graph,512,256,32,f32,2,"[{""grid"":[32,1,1],""block"":[512,1,1],""shared_memory"":0},{""grid"":[4,1,1],""block"":[256,1,1],""shared_memory"":0}]",32768,100,1000,11,false,cpu_submit_us,9,2.947534000,true
AMD Radeon Graphics,gfx1200,flydsl.rocm.47b6ed6f9c9be06967cdd44b,1bd4884-dirty,v0.3.1-134-g9ce65339-dirty,2.14.0+rocm7.2,7.2.53211,flydsl_eager,512,256,32,f32,2,"[{""grid"":[32,1,1],""block"":[512,1,1],""shared_memory"":0},{""grid"":[4,1,1],""block"":[256,1,1],""shared_memory"":0}]",32768,100,1000,11,false,gpu_replay_us,9,14.733095169,true
AMD Radeon Graphics,gfx1200,flydsl.rocm.47b6ed6f9c9be06967cdd44b,1bd4884-dirty,v0.3.1-134-g9ce65339-dirty,2.14.0+rocm7.2,7.2.53211,flydsl_eager,512,256,32,f32,2,"[{""grid"":[32,1,1],""block"":[512,1,1],""shared_memory"":0},{""grid"":[4,1,1],""block"":[256,1,1],""shared_memory"":0}]",32768,100,1000,11,false,cpu_submit_us,9,4.533598000,true
AMD Radeon Graphics,gfx1200,flydsl.rocm.47b6ed6f9c9be06967cdd44b,1bd4884-dirty,v0.3.1-134-g9ce65339-dirty,2.14.0+rocm7.2,7.2.53211,ckl_ordinary,512,256,32,f32,2,"[{""grid"":[32,1,1],""block"":[512,1,1],""shared_memory"":0},{""grid"":[4,1,1],""block"":[256,1,1],""shared_memory"":0}]",32768,100,1000,11,false,gpu_replay_us,10,14.720935822,true
AMD Radeon Graphics,gfx1200,flydsl.rocm.47b6ed6f9c9be06967cdd44b,1bd4884-dirty,v0.3.1-134-g9ce65339-dirty,2.14.0+rocm7.2,7.2.53211,ckl_ordinary,512,256,32,f32,2,"[{""grid"":[32,1,1],""block"":[512,1,1],""shared_memory"":0},{""grid"":[4,1,1],""block"":[256,1,1],""shared_memory"":0}]",32768,100,1000,11,false,cpu_submit_us,10,1.840977000,true
AMD Radeon Graphics,gfx1200,flydsl.rocm.47b6ed6f9c9be06967cdd44b,1bd4884-dirty,v0.3.1-134-g9ce65339-dirty,2.14.0+rocm7.2,7.2.53211,ckl_graph,512,256,32,f32,2,"[{""grid"":[32,1,1],""block"":[512,1,1],""shared_memory"":0},{""grid"":[4,1,1],""block"":[256,1,1],""shared_memory"":0}]",32768,100,1000,11,false,gpu_replay_us,10,21.285102844,true
AMD Radeon Graphics,gfx1200,flydsl.rocm.47b6ed6f9c9be06967cdd44b,1bd4884-dirty,v0.3.1-134-g9ce65339-dirty,2.14.0+rocm7.2,7.2.53211,ckl_graph,512,256,32,f32,2,"[{""grid"":[32,1,1],""block"":[512,1,1],""shared_memory"":0},{""grid"":[4,1,1],""block"":[256,1,1],""shared_memory"":0}]",32768,100,1000,11,false,cpu_submit_us,10,2.919370000,true
AMD Radeon Graphics,gfx1200,flydsl.rocm.47b6ed6f9c9be06967cdd44b,1bd4884-dirty,v0.3.1-134-g9ce65339-dirty,2.14.0+rocm7.2,7.2.53211,flydsl_eager,512,256,32,f32,2,"[{""grid"":[32,1,1],""block"":[512,1,1],""shared_memory"":0},{""grid"":[4,1,1],""block"":[256,1,1],""shared_memory"":0}]",32768,100,1000,11,false,gpu_replay_us,10,14.707255363,true
AMD Radeon Graphics,gfx1200,flydsl.rocm.47b6ed6f9c9be06967cdd44b,1bd4884-dirty,v0.3.1-134-g9ce65339-dirty,2.14.0+rocm7.2,7.2.53211,flydsl_eager,512,256,32,f32,2,"[{""grid"":[32,1,1],""block"":[512,1,1],""shared_memory"":0},{""grid"":[4,1,1],""block"":[256,1,1],""shared_memory"":0}]",32768,100,1000,11,false,cpu_submit_us,10,4.566400000,true
AMD Radeon Graphics,gfx1200,flydsl.rocm.47b6ed6f9c9be06967cdd44b,1bd4884-dirty,v0.3.1-134-g9ce65339-dirty,2.14.0+rocm7.2,7.2.53211,torch_graph,512,256,32,f32,2,"[{""grid"":[32,1,1],""block"":[512,1,1],""shared_memory"":0},{""grid"":[4,1,1],""block"":[256,1,1],""shared_memory"":0}]",32768,100,1000,11,false,gpu_replay_us,10,21.205659866,true
AMD Radeon Graphics,gfx1200,flydsl.rocm.47b6ed6f9c9be06967cdd44b,1bd4884-dirty,v0.3.1-134-g9ce65339-dirty,2.14.0+rocm7.2,7.2.53211,torch_graph,512,256,32,f32,2,"[{""grid"":[32,1,1],""block"":[512,1,1],""shared_memory"":0},{""grid"":[4,1,1],""block"":[256,1,1],""shared_memory"":0}]",32768,100,1000,11,false,cpu_submit_us,10,3.194051000,true
